review,sentiment
Product looks nothing like the pictures shown.,negative
"Superb product, my whole family loves it.",positive
"So happy with this purchase, highly recommended.",positive
Does the job but I expected a bit more. Very honest opinion.,neutral
"Product is okay, nothing special about it. Would recommend.",neutral
Delivery was fast and product quality is excellent. Would recommend.,positive
Arrived damaged and customer service was useless. Would recommend.,negative
"Overall: Delivery was on time, product is acceptable.",neutral
"Exceeded my expectations, highly recommend to everyone. Very honest opinion.",positive
"Overall: Worst purchase ever, does not work at all.",negative
Meets basic expectations but could be better. Would recommend.,neutral
Do not waste your money on this garbage.,negative
"This product is absolutely amazing, I love it! Hope this helps others.",positive
"Works as expected, neither good nor bad. Very honest opinion.",neutral
"Reasonable product, no major issues so far. Would recommend.",neutral
Very slow delivery and product was broken. Very honest opinion.,negative
Does the job but I expected a bit more. Sharing my experience.,neutral
"Terrible product, broke after just two days. Hope this helps others.",negative
Overall: Meets basic expectations but could be better.,neutral
Arrived damaged and customer service was useless. Very honest opinion.,negative
"Overall: Works as expected, neither good nor bad.",neutral
"Delivery was on time, product is acceptable. Hope this helps others.",neutral
"Complete waste of money, very disappointed. Sharing my experience.",negative
Product arrived fine and works as described. Very honest opinion.,neutral
"Delivery was on time, product is acceptable. Would recommend.",neutral
"Neutral experience overall, just an average item. Sharing my experience.",neutral
"Exceeded my expectations, highly recommend to everyone.",positive
Overall: Arrived damaged and customer service was useless.,negative
"Worst purchase ever, does not work at all. Would recommend.",negative
"Neutral experience overall, just an average item. Hope this helps others.",neutral
"Perfect in every way, exactly what I needed. Would recommend.",positive
Acceptable product for the price point. Would recommend.,neutral
"Returned it immediately, total disappointment.",negative
Amazing product at a very affordable price.,positive
"Worst purchase ever, does not work at all. Very honest opinion.",negative
Meets basic expectations but could be better. Hope this helps others.,neutral
"Not bad but not great either, just okay.",neutral
"Works as expected, neither good nor bad.",neutral
Overall: Really impressed with the build quality and design.,positive
"Great value for money, will definitely buy again.",positive
"Average quality, does what it is supposed to. Would recommend.",neutral
Loved it from the moment I opened the box. Hope this helps others.,positive
"Not bad but not great either, just okay. Would recommend.",neutral
It is fine for the price I paid. Sharing my experience.,neutral
"This product is absolutely amazing, I love it! Very honest opinion.",positive
"Horrible experience, will never shop here again. Very honest opinion.",negative
"Great value for money, will definitely buy again. Very honest opinion.",positive
It is decent enough for everyday use. Hope this helps others.,neutral
It works fine but nothing to rave about. Hope this helps others.,neutral
Delivery was fast and product quality is excellent. Hope this helps others.,positive
It works fine but nothing to rave about. Would recommend.,neutral
Amazing product at a very affordable price. Would recommend.,positive
"Overall: Returned it immediately, total disappointment.",negative
Overall: It is decent enough for everyday use.,neutral
It is decent enough for everyday use. Would recommend.,neutral
Arrived damaged and customer service was useless.,negative
"This product is absolutely amazing, I love it! Sharing my experience.",positive
Does the job but I expected a bit more. Would recommend.,neutral
"Neutral experience overall, just an average item. Would recommend.",neutral
Loved it from the moment I opened the box.,positive
Cheap materials and fell apart immediately. Sharing my experience.,negative
It is decent enough for everyday use.,neutral
Product arrived fine and works as described. Hope this helps others.,neutral
Cheap materials and fell apart immediately. Hope this helps others.,negative
"Overall: Horrible experience, will never shop here again.",negative
"Superb product, my whole family loves it. Very honest opinion.",positive
"Overall: Reasonable product, no major issues so far.",neutral
"Complete waste of money, very disappointed. Very honest opinion.",negative
Outstanding service and the product is top notch. Very honest opinion.,positive
Do not waste your money on this garbage. Would recommend.,negative
It works fine but nothing to rave about. Very honest opinion.,neutral
"Overall: Very poor quality, nothing like the description.",negative
"Fantastic quality, arrived on time, very happy. Very honest opinion.",positive
"So happy with this purchase, highly recommended. Sharing my experience.",positive
Delivery was fast and product quality is excellent.,positive
Acceptable product for the price point. Hope this helps others.,neutral
"Horrible experience, will never shop here again. Would recommend.",negative
Arrived damaged and customer service was useless. Sharing my experience.,negative
"Overall: Product is okay, nothing special about it.",neutral
Overall: It works fine but nothing to rave about.,neutral
Do not waste your money on this garbage. Very honest opinion.,negative
"Exceeded my expectations, highly recommend to everyone. Sharing my experience.",positive
"Perfect in every way, exactly what I needed.",positive
Loved it from the moment I opened the box. Would recommend.,positive
"Exceeded my expectations, highly recommend to everyone. Would recommend.",positive
Really impressed with the build quality and design.,positive
Faulty product and no response from support. Very honest opinion.,negative
"Great value for money, will definitely buy again. Sharing my experience.",positive
Acceptable product for the price point.,neutral
"Overall: Absolute rubbish, do not buy this product.",negative
Overall: Faulty product and no response from support.,negative
Faulty product and no response from support. Would recommend.,negative
"Perfect in every way, exactly what I needed. Sharing my experience.",positive
Overall: Product arrived fine and works as described.,neutral
It is decent enough for everyday use. Very honest opinion.,neutral
"Returned it immediately, total disappointment. Sharing my experience.",negative
"Stopped working after one week, avoid this. Would recommend.",negative
"Neutral experience overall, just an average item.",neutral
"Fantastic quality, arrived on time, very happy. Would recommend.",positive
"Average quality, does what it is supposed to. Sharing my experience.",neutral
"Perfect in every way, exactly what I needed. Hope this helps others.",positive
"Worst purchase ever, does not work at all. Sharing my experience.",negative
Amazing product at a very affordable price. Very honest opinion.,positive
"Overall: Works exactly as described, very satisfied customer.",positive
"Not bad but not great either, just okay. Hope this helps others.",neutral
Acceptable product for the price point. Very honest opinion.,neutral
Overall: Cheap materials and fell apart immediately.,negative
"Fantastic quality, arrived on time, very happy. Sharing my experience.",positive
"Absolute rubbish, do not buy this product. Hope this helps others.",negative
"Absolute rubbish, do not buy this product. Very honest opinion.",negative
Really impressed with the build quality and design. Very honest opinion.,positive
"Very poor quality, nothing like the description. Sharing my experience.",negative
Cheap materials and fell apart immediately.,negative
"This product is absolutely amazing, I love it!",positive
"Works as expected, neither good nor bad. Hope this helps others.",neutral
"Delivery was on time, product is acceptable.",neutral
"Reasonable product, no major issues so far. Sharing my experience.",neutral
"Works exactly as described, very satisfied customer. Would recommend.",positive
"Extremely disappointed, worst quality ever seen. Hope this helps others.",negative
"Fairly standard item, nothing stood out to me. Very honest opinion.",neutral
Amazing product at a very affordable price. Sharing my experience.,positive
"Horrible experience, will never shop here again.",negative
Really impressed with the build quality and design. Sharing my experience.,positive
Meets basic expectations but could be better. Sharing my experience.,neutral
"Product is okay, nothing special about it. Sharing my experience.",neutral
"Very poor quality, nothing like the description. Hope this helps others.",negative
"Fairly standard item, nothing stood out to me. Would recommend.",neutral
Outstanding service and the product is top notch. Hope this helps others.,positive
"Overall: This product is absolutely amazing, I love it!",positive
Delivery was fast and product quality is excellent. Sharing my experience.,positive
Acceptable product for the price point. Sharing my experience.,neutral
"Returned it immediately, total disappointment. Hope this helps others.",negative
"Overall: Complete waste of money, very disappointed.",negative
Do not waste your money on this garbage. Hope this helps others.,negative
"Overall: Fairly standard item, nothing stood out to me.",neutral
"Fairly standard item, nothing stood out to me. Sharing my experience.",neutral
"Reasonable product, no major issues so far. Hope this helps others.",neutral
Outstanding service and the product is top notch. Sharing my experience.,positive
Product arrived fine and works as described. Sharing my experience.,neutral
"Reasonable product, no major issues so far.",neutral
"Absolute rubbish, do not buy this product.",negative
"Absolute rubbish, do not buy this product. Sharing my experience.",negative
Very slow delivery and product was broken. Would recommend.,negative
"Delivery was on time, product is acceptable. Sharing my experience.",neutral
"Not bad but not great either, just okay. Sharing my experience.",neutral
Overall: It is fine for the price I paid.,neutral
"Very poor quality, nothing like the description. Would recommend.",negative
Overall: Very slow delivery and product was broken.,negative
Overall: Does the job but I expected a bit more.,neutral
Overall: Acceptable product for the price point.,neutral
Delivery was fast and product quality is excellent. Very honest opinion.,positive
Really impressed with the build quality and design. Hope this helps others.,positive
It is fine for the price I paid. Hope this helps others.,neutral
"Works exactly as described, very satisfied customer.",positive
It is fine for the price I paid. Would recommend.,neutral
"Complete waste of money, very disappointed. Hope this helps others.",negative
"Absolute rubbish, do not buy this product. Would recommend.",negative
Meets basic expectations but could be better.,neutral
"Overall: Extremely disappointed, worst quality ever seen.",negative
Cheap materials and fell apart immediately. Would recommend.,negative
"Five stars, no complaints at all, brilliant!",positive
"Overall: Neutral experience overall, just an average item.",neutral
"Product is okay, nothing special about it. Hope this helps others.",neutral
"Worst purchase ever, does not work at all.",negative
Overall: Amazing product at a very affordable price.,positive
"Overall: Exceeded my expectations, highly recommend to everyone.",positive
"Delivery was on time, product is acceptable. Very honest opinion.",neutral
"Overall: Best purchase I have ever made, works perfectly.",positive
Amazing product at a very affordable price. Hope this helps others.,positive
"Works as expected, neither good nor bad. Would recommend.",neutral
Product looks nothing like the pictures shown. Sharing my experience.,negative
"Extremely disappointed, worst quality ever seen. Would recommend.",negative
"So happy with this purchase, highly recommended. Very honest opinion.",positive
"Reasonable product, no major issues so far. Very honest opinion.",neutral
"Stopped working after one week, avoid this. Sharing my experience.",negative
It works fine but nothing to rave about. Sharing my experience.,neutral
Overall: Delivery was fast and product quality is excellent.,positive
"Horrible experience, will never shop here again. Sharing my experience.",negative
"Great value for money, will definitely buy again. Would recommend.",positive
"Average quality, does what it is supposed to.",neutral
Very slow delivery and product was broken. Hope this helps others.,negative
"Fantastic quality, arrived on time, very happy.",positive
"Extremely disappointed, worst quality ever seen. Very honest opinion.",negative
Faulty product and no response from support.,negative
"Works as expected, neither good nor bad. Sharing my experience.",neutral
"Overall: So happy with this purchase, highly recommended.",positive
"Returned it immediately, total disappointment. Very honest opinion.",negative
"Superb product, my whole family loves it. Hope this helps others.",positive
"Terrible product, broke after just two days.",negative
"Terrible product, broke after just two days. Sharing my experience.",negative
"Works exactly as described, very satisfied customer. Hope this helps others.",positive
"Terrible product, broke after just two days. Very honest opinion.",negative
"Extremely disappointed, worst quality ever seen.",negative
"Overall: Stopped working after one week, avoid this.",negative
"Fairly standard item, nothing stood out to me.",neutral
Does the job but I expected a bit more. Hope this helps others.,neutral
Outstanding service and the product is top notch. Would recommend.,positive
"Five stars, no complaints at all, brilliant! Hope this helps others.",positive
Meets basic expectations but could be better. Very honest opinion.,neutral
"Overall: Perfect in every way, exactly what I needed.",positive
"Average quality, does what it is supposed to. Hope this helps others.",neutral
"Five stars, no complaints at all, brilliant! Sharing my experience.",positive
"Returned it immediately, total disappointment. Would recommend.",negative
It is fine for the price I paid. Very honest opinion.,neutral
"Best purchase I have ever made, works perfectly. Hope this helps others.",positive
"Product is okay, nothing special about it.",neutral
"Superb product, my whole family loves it. Would recommend.",positive
Cheap materials and fell apart immediately. Very honest opinion.,negative
"Overall: Terrible product, broke after just two days.",negative
Overall: Do not waste your money on this garbage.,negative
Do not waste your money on this garbage. Sharing my experience.,negative
"Perfect in every way, exactly what I needed. Very honest opinion.",positive
Product looks nothing like the pictures shown. Very honest opinion.,negative
"Overall: Fantastic quality, arrived on time, very happy.",positive
"Complete waste of money, very disappointed.",negative
Really impressed with the build quality and design. Would recommend.,positive
"Horrible experience, will never shop here again. Hope this helps others.",negative
"Stopped working after one week, avoid this. Very honest opinion.",negative
It works fine but nothing to rave about.,neutral
"Exceeded my expectations, highly recommend to everyone. Hope this helps others.",positive
"Fairly standard item, nothing stood out to me. Hope this helps others.",neutral
"So happy with this purchase, highly recommended. Would recommend.",positive
Very slow delivery and product was broken. Sharing my experience.,negative
Loved it from the moment I opened the box. Sharing my experience.,positive
"Neutral experience overall, just an average item. Very honest opinion.",neutral
"Terrible product, broke after just two days. Would recommend.",negative
Outstanding service and the product is top notch.,positive
"Complete waste of money, very disappointed. Would recommend.",negative
"Fantastic quality, arrived on time, very happy. Hope this helps others.",positive
Overall: Outstanding service and the product is top notch.,positive
Overall: Loved it from the moment I opened the box.,positive
"Average quality, does what it is supposed to. Very honest opinion.",neutral
"Five stars, no complaints at all, brilliant! Would recommend.",positive
"Works exactly as described, very satisfied customer. Very honest opinion.",positive
It is decent enough for everyday use. Sharing my experience.,neutral
Loved it from the moment I opened the box. Very honest opinion.,positive
"Very poor quality, nothing like the description.",negative
Faulty product and no response from support. Sharing my experience.,negative
"Works exactly as described, very satisfied customer. Sharing my experience.",positive
"Overall: Not bad but not great either, just okay.",neutral
"Overall: Average quality, does what it is supposed to.",neutral
"This product is absolutely amazing, I love it! Would recommend.",positive
Does the job but I expected a bit more.,neutral
"Not bad but not great either, just okay. Very honest opinion.",neutral
Product arrived fine and works as described.,neutral
Very slow delivery and product was broken.,negative
Product arrived fine and works as described. Would recommend.,neutral
"Overall: Five stars, no complaints at all, brilliant!",positive
"Worst purchase ever, does not work at all. Hope this helps others.",negative
Product looks nothing like the pictures shown. Would recommend.,negative
Faulty product and no response from support. Hope this helps others.,negative
"Extremely disappointed, worst quality ever seen. Sharing my experience.",negative
"Product is okay, nothing special about it. Very honest opinion.",neutral
"Overall: Superb product, my whole family loves it.",positive
Product looks nothing like the pictures shown. Hope this helps others.,negative
"Best purchase I have ever made, works perfectly. Would recommend.",positive
"Stopped working after one week, avoid this. Hope this helps others.",negative
"Very poor quality, nothing like the description. Very honest opinion.",negative
"Great value for money, will definitely buy again. Hope this helps others.",positive
"Best purchase I have ever made, works perfectly. Very honest opinion.",positive
"Best purchase I have ever made, works perfectly. Sharing my experience.",positive
It is fine for the price I paid.,neutral
"Overall: Great value for money, will definitely buy again.",positive
"Superb product, my whole family loves it. Sharing my experience.",positive
"So happy with this purchase, highly recommended. Hope this helps others.",positive
"Stopped working after one week, avoid this.",negative
Arrived damaged and customer service was useless. Hope this helps others.,negative
Overall: Product looks nothing like the pictures shown.,negative
"Best purchase I have ever made, works perfectly.",positive
"Five stars, no complaints at all, brilliant! Very honest opinion.",positive
